ID,subset,source,AA_junction
GR_01_0002,4,paolo,CARGYPDTPVVRRYYYYGMDVW
GR_01_0004,8,paolo,CAIYQGYSSSWFSQVNWFDPW
GR_01_0010,8,paolo,CARRTGYSSSWYSTYNWFDPW
GR_01_0017,1,paolo,CAREQWLGIKNFDYW
GR_01_0032,2,paolo,CARDQNAMDVW
GR_01_0039,4,paolo,CARGYADTPTFRRYYYYGMDVW
GR_01_0040,7,paolo,CAREGNYDFWSGYYPNYYYYGMDVW
GR_01_0046,2,paolo,CARDANGMDVW
GR_01_0056,8,paolo,CASRRGYSSSWFNVVAWFDPW
GR_01_0059,4,paolo,CARSYGSTPTTRRYYYYGMDVW
GR_01_0073,4,paolo,CVRGYPDTAVVKRYYYYGMEVW
GR_01_0087,1,paolo,CARAQWLVVTNFDYW
GR_01_0091,8,paolo,CASLTGYSSSWYTPANWFDPW
GR_01_0092,4,paolo,CVRGYADTAVVRRYYYYGMDVW
GR_01_0110,4,paolo,CARGYGDSPDTKRYYYFGLDVW
GR_01_0116,4,paolo,CARGYGTSDDTRRYYFYGMDVW
GR_01_0121,1,paolo,CAREQWLVRVNFDYW
GR_01_0133,2,paolo,CAIDRNGMDVW
GR_01_0144,1,paolo,CAREQWLAPPYFDYW
GR_01_0145,1,paolo,CAREQWLVRIYFDYW
GR_01_0151,4,paolo,CARGYADSDVIRRYYYYGMDVW
GR_01_0160,1,paolo,CARWQWLVLGYFDYW
GR_01_0197,1,paolo,CARAQWLALSMPFDYW
GR_01_0203,6,paolo,CARGGPYDYVWGSYRPPDAFDIW
GR_01_0225,2,paolo,CVTDRNGMDVW
GR_01_0256,1,paolo,CARVQWLATYYFDYW
GR_01_0303,1,paolo,CAREQWLVLEHFDYW
GR_01_0306,1,paolo,CARGQWLVQLNFDYW
GR_01_0319,1,paolo,CARAQWLVLPHFDYW
GR_01_0334,4,paolo,CARGWPEDAVTRRYYYYGMEIW
GR_01_0369,4,paolo,CARGYPEVPTTRRYYYYGMELW
GR_01_0401,1,paolo,CARDQWLPLANFDYW
GR_01_0424,6,paolo,CARGGSYDYVWGSYRPNDAFDIW
GR_01_0455,7,paolo,CARDGPTPEGFWSGYYPPYYYYGMDVW
GR_01_0479,4,paolo,CVRGYGVTAETRRYYYFGMDVW
GR_01_0480,1,paolo,CARGQWLPTPNFDYW
GR_01_0487,1,paolo,CARQQWLGLNYFDYW
GR_01_0538,6,paolo,CARGGDYDYIWGSYRPNDAFDIW
GR_02_0044,1,paolo,CARKQWLPQYYFDYW
GR_02_0059,2,paolo,CARDLNAMDVW
GR_02_0152,7,paolo,CARAVTYYDFWSGYSPHYYYYMDVW
GR_02_0162,1,paolo,CARVQWLVREYFDYW
GR_02_0182,1,paolo,CAREQWLVKEFFDYW
GR_02_0187,1,paolo,CAREQWVAGPNFDYW
GR_02_0213,2,paolo,CARDANAMDVW
GR_02_0218,7,paolo,CARDGVEDFWSGYYPNYYYYGMDVW
GR_02_0233,6,paolo,CARGGDYDYVWGSYRSNDAFDIW
GR_02_0257,1,paolo,CAREQWLVRENFDYW
GR_02_0260,4,paolo,CARGFGDTAVVRRYYYYGMDVW
GR_02_0262,8,paolo,CARQLGYSSSWYGNRNWFDPW
GR_02_0272,6,paolo,CARGGNYDYVWGSYRPNDAFDIW
GR_02_0286,2,paolo,CATDGNGMDVW
GR_02_0303,7,paolo,CARATFSKGDFWSGYYPNYYYYGMDVW
GR_02_0352,2,paolo,CARDANGMDVW
GR_02_0418,1,paolo,CAREQWLAAENFDYW
GR_02_0438,6,paolo,CARGGPYDYVWGSYRPNDAFDIW
GR_02_0442,7,paolo,CARDNTGYDFWSGYHRLYYYYGMDVW
GR_02_0444,1,paolo,CAREQWLVLHYFDYW
GR_02_0454,4,paolo,CARGYGSGSDTRRYFYYGLDVW
GR_02_0494,7,paolo,CAKTAPNYDFWSGYQSPNYYYYYGMDVW
GR_02_0552,1,paolo,CARGQWLVLLAFDYW
GR_02_0556,1,paolo,CAREQWLAILYYFDYW
NY_01_0008,7,paolo,CATKNDFWSGYYEGYYYYYYMDVW
NY_01_0016,1,paolo,CARQQWLGGDYFDYW
NY_01_0024,8,paolo,CASSRGYSSSWWSSNWFDPW
NY_01_0034,8,paolo,CARHLGYSSSWYGAANWFDPW
NY_01_0043,6,paolo,CARGGDYDYVWGSYRSNDAFDIW
NY_01_0086,8,paolo,CARETGYSSSWYGERWFDPW
NY_01_0118,1,paolo,CARGQWLPTLSFDYW
NY_01_0159,8,paolo,CARRFGYSSSWYGLDWFDPW
NY_01_0197,2,paolo,CARDRNGMDVW
NY_01_0200,4,paolo,CARGYGDTPTIRRYYYYGMDVW
NY_01_0219,2,paolo,CVRDQNGMDVW
NY_01_0220,4,paolo,CARGYADTPVFRRYYYYGMDVW
NY_01_0233,1,paolo,CAREQWLGAENFDYW
NY_01_0234,7,paolo,CARADLPYYDFWSGMYYYGMDVW
NY_01_0235,1,paolo,CARVQWLGLRHFDYW
NY_01_0260,1,paolo,CAREQWLVLSYFDYW
NY_01_0262,1,paolo,CAREQWLVLKNFDYW
NY_01_0275,7,paolo,CARDRGNDFWSGYYIWRRDYYYMDVW
NY_01_0297,2,paolo,CARDQNGMDVW
NY_01_0328,7,paolo,CARVGYYDFWSGYYPNYYYYGMDVW
NY_01_0370,8,paolo,CASKTGYSSSWYGRDWFDPW
NY_01_0377,2,paolo,CARDANGMDVW
NY_01_0392,7,paolo,CARGDLPYYDFWSGYHYYGMDVW
NY_01_0455,2,paolo,CARDANGMDVW
NY_01_0493,2,paolo,CARDRNGMDVW
NY_01_0498,6,paolo,CARGGEYDYIWGSYRPNDAFDIW
NY_01_0531,6,paolo,CARGGDYDYVWGSYRPNDAFDIW
NY_01_0542,1,paolo,CAREQWLALGSYFDYW
NY_01_0550,4,paolo,CVRGYGDTPVVRRYYYYGMDVW
NY_01_0624,6,paolo,CARGGNYDYVWGSYRPNDAFDIW
NY_01_0703,6,paolo,CARGGPYDYVWGSYRPPDAFDIW
NY_01_0726,1,paolo,CAREQWLASPNLDYW
NY_01_0763,1,paolo,CARAQWLGTTYFDYW
NY_01_0878,1,paolo,CAREQWLVLNYFDYW
NY_01_0915,1,paolo,CAREQWLSLTHFDYW
SE-01-0010,2,paolo,NA
SE-01-0020,2,paolo,NA
SE-01-0034,2,paolo,NA
SE-01-0038,2,paolo,NA
SE-01-0045,2,paolo,NA
SE-01-0073,2,paolo,NA
SE-01-0084,2,paolo,NA
SE-01-0087,2,paolo,NA
SE-01-0089,4,paolo,NA
SE-01-0098,2,paolo,NA
SE-01-0123,2,paolo,NA
SE-01-0131,2,paolo,NA
SE-01-0132,2,paolo,NA
SE-01-0146,2,paolo,NA
SE-01-0184,2,paolo,NA
SE-01-0207,2,paolo,NA
SE-01-0218,2,paolo,NA
SE-01-0229,2,paolo,NA
SE-01-0232,2,paolo,NA
SE-01-0255,4,paolo,NA
SE-01-0258,2,paolo,NA
SE-01-0281,2,paolo,NA
SE-01-0331,2,paolo,NA
SE-01-0338,2,paolo,NA
SE-01-0499,2,paolo,NA
SE-01-0686,2,paolo,NA
SE-01-0749,4,paolo,NA
SE-01-0767,2,paolo,NA
SE-01-0850,2,paolo,NA
SE-01-0945,2,paolo,NA
SE-01-1002,2,paolo,NA
SE_01_0076,8,paolo,NA
SE_01_0144,4,paolo,NA
SE_01_0158,4,paolo,NA
SE_01_0243,4,paolo,NA
SE_01_0253,1,paolo,NA
SE_01_0357,1,paolo,NA
SE_01_0476,6,paolo,NA
SE_01_0857,1,paolo,NA
SWE_0943,2,paolo,NA
